,0
dxMax,0.08921996080205034
ringOwn,0.08647288808482845
ringBright,0.06811477963716772
ringOther,0.04127624503743914
distBorder,0.03737313432835827
pBright,0.021514045931956428
bw,0.020819337655158598
zMax,0.01890265842504655
meanC2,0.01790341223177052
areaMask,0.015482989094929445
bh,0.01113282074476114
c2Bg,0.004330267852656044
mx,0.0036705362078497173
sdBg,0.0036508367254636464
sx,0.0028262726770189816
nbrDist,0.0025631438765768345
nShips,0.001911251821699622
pDark,0.0013821800090457303
muBg,0.000796421930750335
