model,pfa,boxHit,maskHit,evComp,evMask,pix_pfa,trig_img,gated_img
float,0.1,1.0,0.9998820128605982,0.8523980886083417,0.8377676833225178,0.1031574876463553,29429.57119914347,98.89275517487509
float,0.03,0.9961654179694414,0.9928027844964898,0.9365229190018288,0.9333962598076809,0.03734100992057224,13552.211277658815,222.37919343326195
float,0.01,0.9797062120228895,0.9674355495251018,0.9442510766326471,0.9397085717656776,0.016890829546684905,6494.119022127052,282.62080656673805
float,0.003,0.9461978644327769,0.9149312724912985,0.9179399445460444,0.9052563270603504,0.008110216710259974,3090.491256245539,291.69343326195576
float,0.001,0.9055512949088549,0.8596542976815527,0.8815409120405876,0.8581794584390301,0.004628608438170199,1691.4482512491077,272.02997858672376
float,0.0001,0.7961182231136806,0.7338800070792284,0.7758244351365701,0.7381865376673943,0.0018708371800801795,603.5601356174161,204.75374732334046
float,1e-05,0.688042003421627,0.6214972567990089,0.6741785145419149,0.6291074272904253,0.0009807259705434566,281.8772305496074,142.99571734475376
float,1e-06,0.5926494012152675,0.5290543330776946,0.5811456551235915,0.5356616128841957,0.0006063922673628024,160.732869379015,99.84546752319771
hardware,0.001,0.8907439089139284,0.845554834523037,0.8666155389062592,0.8428411303167954,,,272.02997858672376
hardware,0.0001,0.7817827856763613,0.7216093445814407,0.7615479912689517,0.7246180166361866,,,204.75374732334046
hardware,1e-05,0.6747094566692231,0.6097575364285293,0.6614359034865199,0.616659784083535,,,142.99571734475376
hardware,1e-06,0.5804377322871807,0.5181405226830276,0.5688159990561029,0.5237449118046132,,,99.84546752319771
