name,img,gt,areaMask,bw,bh,dxMax,distBorder,scene,split
P0001_1800_2600_10190_10990.png,14.0,15,90.0,15.0,20.0,1.079158058779118,170.0,inshore,train
P0005_0_800_7800_8600.png,243.0,7,35.0,8.0,13.0,0.8603290780299948,253.0,inshore,train
P0006_600_1400_7800_8600.png,345.0,3,5.0,3.0,10.0,1.175667763087522,0.0,inshore,train
P0008_0_800_7800_8600.png,406.0,4,208.0,26.0,21.0,0.8779034585393459,145.0,inshore,train
P0020_1200_2000_7800_8600.png,1056.0,3,107.0,25.0,16.0,1.3351430053322666,13.0,inshore,train
P0020_1200_2000_8400_9200.png,1057.0,6,107.0,25.0,16.0,1.3415836893037387,162.0,inshore,test
P0031_1200_2000_7800_8600.png,1616.0,2,37.0,8.0,15.0,1.4582672637313794,0.0,inshore,train
P0031_1800_2600_7800_8600.png,1623.0,3,37.0,8.0,15.0,1.4582672637313794,0.0,offshore,train
P0091_1800_2600_3600_4400.png,4255.0,8,84.0,14.0,17.0,0.8357847860893193,316.0,inshore,test
P0094_1800_2600_4200_5000.png,4330.0,2,80.0,12.0,18.0,0.9763796318455862,277.0,inshore,train
P0106_4200_5000_16200_17000.png,4635.0,88,115.0,17.0,18.0,1.7660904421449566,18.0,inshore,val
P0109_4200_5000_10200_11000.png,4726.0,38,134.0,9.0,26.0,1.477771908272594,61.0,inshore,val
P0109_4200_5000_9600_10400.png,4727.0,50,132.0,8.0,25.0,1.4806477742141688,131.0,inshore,train
P0109_4800_5600_10200_11000.png,4728.0,26,81.0,15.0,17.0,1.6445470161140043,60.0,inshore,train
P0109_4800_5600_9600_10400.png,4729.0,29,94.0,16.0,20.0,1.6410653410356004,125.0,inshore,train
P0111_4800_5600_9600_10400.png,4784.0,65,61.0,13.0,12.0,1.27987541367894,261.0,inshore,train
P0111_5400_6200_9600_10400.png,4788.0,86,136.0,15.0,22.0,1.4014061152130846,1.0,inshore,train
P0111_6000_6800_10200_11000.png,4789.0,27,125.0,13.0,21.0,1.4074770628025255,35.0,inshore,train
P0111_6000_6800_9600_10400.png,4790.0,41,122.0,12.0,22.0,1.405754963334147,153.0,inshore,test
P0112_4200_5000_6600_7400.png,4850.0,20,144.0,9.0,28.0,1.4098713839270145,40.0,inshore,test
P0112_4200_5000_7200_8000.png,4851.0,94,144.0,9.0,28.0,1.4098713839270145,151.0,inshore,train
P0114_2400_3200_8400_9200.png,4938.0,2,4.0,4.0,1.0,1.0135648296664883,0.0,offshore,train
P0114_3600_4400_7200_8000.png,4963.0,106,94.0,14.0,16.0,1.3781637647751694,37.0,inshore,test
P0115_3600_4400_9000_9800.png,4969.0,8,189.0,28.0,12.0,0.6909791959635405,103.0,inshore,train
P0115_4200_5000_9000_9800.png,4971.0,2,189.0,27.0,12.0,0.6841306276323786,85.0,inshore,train
P0115_4200_5000_9000_9800.png,4971.0,24,115.0,27.0,8.0,0.9873763434457136,66.0,inshore,train
P0116_4200_5000_7200_8000.png,4981.0,69,53.0,8.0,14.0,1.2062031934110065,236.0,inshore,train
P0116_4200_5000_7200_8000.png,4981.0,144,71.0,12.0,16.0,1.2739236883575984,287.0,inshore,train
P0116_4200_5000_7200_8000.png,4981.0,149,88.0,15.0,16.0,1.3022013651879445,324.0,inshore,train
P0116_4200_5000_7200_8000.png,4981.0,151,84.0,16.0,15.0,1.3554704928809709,277.0,inshore,train
P0116_4200_5000_7800_8600.png,4982.0,3,10.0,5.0,2.0,1.3600878371646368,0.0,inshore,train
P0116_4200_5000_9000_9800.png,4984.0,14,173.0,27.0,12.0,0.6851713017986274,85.0,inshore,val
P0119_2400_3200_6000_6800.png,5062.0,42,70.0,15.0,14.0,1.266000893005509,27.0,inshore,test
P0119_2400_3200_6600_7400.png,5063.0,22,70.0,15.0,14.0,1.266000893005509,27.0,inshore,train
P0119_3000_3800_6000_6800.png,5064.0,21,70.0,15.0,14.0,1.266000893005509,32.0,inshore,train
P0119_3000_3800_6600_7400.png,5065.0,25,70.0,15.0,14.0,1.266000893005509,153.0,inshore,train
P0120_2400_3200_7800_8600.png,5067.0,2,100.0,29.0,7.0,0.8954426809168392,259.0,inshore,train
P0120_2400_3200_7800_8600.png,5067.0,5,90.0,19.0,11.0,0.6515409595880315,21.0,inshore,train
P0120_2400_3200_7800_8600.png,5067.0,31,66.0,15.0,10.0,1.2606006443681803,261.0,inshore,train
P0120_2400_3200_8400_9200.png,5068.0,1,90.0,19.0,11.0,0.6515409595880315,160.0,inshore,train
P0120_3000_3800_8400_9200.png,5072.0,46,69.0,14.0,14.0,1.186714380887722,170.0,inshore,train
P0120_3000_3800_9000_9800.png,5073.0,29,126.0,9.0,24.0,0.8847105004559497,180.0,inshore,train
P0120_3000_3800_9200_10000.png,5074.0,12,126.0,9.0,24.0,0.8847105004559497,95.0,inshore,val
P0120_3600_4400_9000_9800.png,5076.0,22,55.0,7.0,15.0,1.1787660358800374,99.0,inshore,train
P0120_3600_4400_9200_10000.png,5077.0,18,55.0,7.0,15.0,1.1787660358800374,64.0,inshore,train
P0120_4200_5000_9000_9800.png,5078.0,14,55.0,7.0,15.0,1.1787660358800374,86.0,inshore,train
P0120_4200_5000_9200_10000.png,5079.0,14,55.0,7.0,15.0,1.1787660358800374,64.0,inshore,test
P0124_1200_2000_2400_3200.png,5158.0,1,7477.0,110.0,190.0,0.4876797261913164,139.0,inshore,train
P0124_1200_2000_2400_3200.png,5158.0,2,2922.0,52.0,109.0,0.3941551181709934,89.0,inshore,train
P0124_1200_2000_2400_3200.png,5158.0,4,1206.0,34.0,69.0,0.4680386828789742,124.0,inshore,train
P0124_1200_2000_2400_3200.png,5158.0,5,5542.0,69.0,140.0,0.6767148209078564,18.0,inshore,train
P0124_1200_2000_2400_3200.png,5158.0,6,5912.0,67.0,143.0,0.558104562490457,10.0,inshore,train
P0124_1200_2000_2400_3200.png,5158.0,7,2096.0,39.0,95.0,0.3918952503698549,61.0,inshore,train
P0124_1200_2000_2400_3200.png,5158.0,8,1262.0,29.0,64.0,0.3821443408761777,134.0,inshore,train
P0124_1200_2000_2400_3200.png,5158.0,10,1029.0,31.0,61.0,0.4471419595819408,156.0,inshore,train
P0125_1200_2000_10200_11000.png,5176.0,2,1417.0,48.0,46.0,0.6603622526225998,0.0,inshore,train
P0125_1800_2600_9600_10400.png,5182.0,4,5236.0,44.0,163.0,0.5485910496995503,0.0,inshore,train
P0125_1800_2600_9600_10400.png,5182.0,10,990.0,19.0,65.0,1.040628269223947,0.0,inshore,train
P0125_2400_3200_9000_9800.png,5185.0,5,2826.0,21.0,189.0,0.5814559149206286,0.0,inshore,train
P0125_2400_3200_9600_10400.png,5186.0,3,5481.0,36.0,179.0,0.8786119005266992,75.0,inshore,train
P0125_2400_3200_9600_10400.png,5186.0,7,5332.0,46.0,164.0,0.5624440288198382,39.0,inshore,train
P0126_3000_3800_1200_2000.png,5202.0,2,3091.0,73.0,97.0,0.6321701891906875,0.0,inshore,test
P0128_3000_3800_4800_5600.png,5300.0,2,4729.0,40.0,162.0,0.7740894027502638,0.0,inshore,train
P0128_3600_4400_4800_5600.png,5305.0,1,2656.0,35.0,118.0,0.6571835691682999,0.0,inshore,train
P0131_13800_14600_9000_9800.png,5354.0,3,4267.0,142.0,54.0,0.7741274824425854,0.0,inshore,train
P0135_1200_2000_3000_3800.png,5434.0,5,12.0,6.0,2.0,0.3915222866373653,0.0,inshore,train
