subset,system,recall,recall_inshore,recall_offshore,FA_per_img,accepted_per_img,precision,F1,ships,recall_lo,recall_hi,FA_per_img_lo,FA_per_img_hi,precision_lo,precision_hi,F1_lo,F1_hi,recall_inshore_lo,recall_inshore_hi
all,Weibull only (prescreen),0.9961064243997404,0.9922008286619547,0.9997712978845055,165.95413990007137,181.151142041399,0.01783202308182982,0.035036826537102,16951,0.9948114774598656,0.9972658061968418,155.69369200571023,176.77387580299785,0.016701517210824142,0.019080639570230325,0.032851569738864675,0.03744369197583383,0.9895412552206012,0.9945571695108336
all,cascade @ 90 % val retention (theta -5979),0.8856704619196507,0.7797952717523763,0.9850200114351058,0.3799072091363312,10.181834403997145,0.8758021234395053,0.8807086498694746,16951,0.8771653180783341,0.8938402060872271,0.34742594575303354,0.4132806923625982,0.867475170614975,0.8839245561261581,0.8739931725456265,0.886984825967185,0.7591002032475147,0.7984769885740836
all,cascade @ 95 % val retention (theta -10695),0.9408294495899947,0.8852059468681452,0.9930245854774157,1.1243754461099216,12.195574589578872,0.7167962605060901,0.813673469387755,16951,0.935066854806558,0.9464049156614569,1.0375356887937188,1.212531227694504,0.7032754556333616,0.7302309958250094,0.8036687082264827,0.8231537982347114,0.8711106924011591,0.8974154867848997
all,cascade @ 97 % val retention (theta -14462),0.9669636009674946,0.9359005605654399,0.9961120640365924,2.31423982869379,14.323340471092077,0.5582765667574932,0.707866381637192,16951,0.9632139966573748,0.970372326236663,2.1486125981441826,2.485934154175589,0.5430988076660902,0.5746199511337962,0.6947044747549357,0.7212314218932189,0.9271730777165729,0.9431118021201413
all,cascade @ 98 % val retention (theta -17056),0.9766975399681435,0.9549110407019255,0.9971412235563178,3.6177730192719486,16.218950749464668,0.449524843877274,0.6156821182201894,16951,0.9738473195483299,0.9792918414731993,3.3625847608850825,3.881767487508922,0.43361027763618776,0.4668570381649446,0.600401777269466,0.631872585286271,0.9479825540712828,0.9603341938176816
train,Weibull only (prescreen),0.9953606073386757,0.9906719640697875,0.9998351467194198,166.9482406935237,182.06119326874042,0.017702540314535137,0.034786402643766604,11855,0.9933164074130066,0.9969628177670825,154.79549337072922,178.45444926058133,0.016478420079022612,0.019121605770812487,0.03242041435906642,0.03752193298992669,0.9865814939119271,0.9938207249585744
train,cascade @ 90 % val retention (theta -5979),0.884774356811472,0.7778545517360511,0.9868117375535773,0.3541560428352881,10.128760836308006,0.8830611214009092,0.8839169089453505,11855,0.8748391394924162,0.8948523239363877,0.3156489036206018,0.3934408465068842,0.8738246576779215,0.8926315517624938,0.8764849084537556,0.8919017755911264,0.7547879478079701,0.8005749500539736
train,cascade @ 95 % val retention (theta -10695),0.940447068747364,0.8840905164968043,0.99423013517969,1.0976542580316164,12.145843957164711,0.721431344635693,0.8165073785199018,11855,0.9341092301459054,0.9469597489189666,0.997182559918409,1.1986295257521673,0.7059182164978067,0.7368529664094741,0.8057091029366915,0.8271078337729029,0.8686893310776576,0.8984234563925796
train,cascade @ 97 % val retention (theta -14462),0.9677773091522565,0.9372948695802383,0.9968677876689747,2.2498725140234574,14.248342682304946,0.5652559491550475,0.7136725553620302,11855,0.963653906892032,0.9719367912967197,2.059127995920449,2.423272565017848,0.5479188715245253,0.5839035228944177,0.6994889905914751,0.7287374994852907,0.9277122353814241,0.9462796801619233
train,cascade @ 98 % val retention (theta -17056),0.9768873892872206,0.954914493003973,0.9978569073524564,3.533401325854156,16.124681285058642,0.45524588230669444,0.6210650506783933,11855,0.9733139827193694,0.9801207579590473,3.243032891381948,3.7933388577256504,0.43737316012024,0.4751806894898328,0.6043318601241732,0.6393220805775782,0.947166460094728,0.9615275481551462
val,Weibull only (prescreen),0.9986480396575034,0.9968454258675079,1.0,154.61428571428573,168.69642857142858,0.016776186294400874,0.032998041858075665,2219,0.997094395799313,1.0,129.17488095238096,180.9288095238095,0.014245626969515923,0.0199249364243192,0.028090526773416606,0.039070682978906916,0.9935183933933933,1.0
val,cascade @ 90 % val retention (theta -5979),0.8990536277602523,0.7791798107255521,0.9889589905362776,0.37023809523809526,9.603571428571428,0.8651344319167389,0.881767955801105,2219,0.8777099559360583,0.9180677510526475,0.2845238095238095,0.4655059523809524,0.8365461101173018,0.890951770179093,0.8609158581617329,0.8997947368421053,0.7216590550288114,0.8260173686474075
val,cascade @ 95 % val retention (theta -10695),0.9490761604326273,0.8885383806519453,0.9944794952681388,1.0916666666666666,11.460714285714285,0.6966589480648363,0.803510110644792,2219,0.9344831392744384,0.9616864546632755,0.8785416666666667,1.3178571428571428,0.6554796350228829,0.7375661637924612,0.7735907765257681,0.8326403807390621,0.8507457757447899,0.9201141640866873
val,cascade @ 97 % val retention (theta -14462),0.9689049121225778,0.9305993690851735,0.9976340694006309,2.289285714285714,13.472619047619048,0.5278664375153449,0.6834075015893197,2219,0.9597015692290429,0.9774269743378688,1.8535714285714286,2.7547619047619047,0.48148589154725513,0.5745874987825028,0.6431759806944334,0.7225880137878,0.9039796264085878,0.9512228081740276
val,cascade @ 98 % val retention (theta -17056),0.9788192879675529,0.953732912723449,0.9976340694006309,3.5833333333333335,15.32857142857143,0.41914318795831723,0.58694770976895,2219,0.971744977147002,0.9849607514860957,2.9094642857142854,4.329077380952381,0.37449343636077165,0.46763656470884557,0.5409257944190179,0.6325615145950213,0.935051475619418,0.9685493519824359
test,Weibull only (prescreen),0.997219325686479,0.995225102319236,0.9992912827781715,172.63657957244655,189.3372921615202,0.019355186906745644,0.03797334321602054,2877,0.9952254756909708,0.9989440738887396,144.2478028503563,202.13788598574823,0.016259526254329595,0.023409225151138642,0.03199711802775538,0.04574525255328347,0.9912987188375288,0.9984079889301675
test,cascade @ 90 % val retention (theta -5979),0.8790406673618353,0.7878581173260573,0.9737774627923459,0.5095011876484561,11.005938242280285,0.8549695740365112,0.8668380462724936,2877,0.8564978752036075,0.9011246266910449,0.41330166270783847,0.617606888361045,0.8302572352418887,0.8790018415541273,0.8448094736582594,0.8874544525627011,0.7245707814540012,0.8381218238812873
test,cascade @ 95 % val retention (theta -10695),0.9360444907890163,0.8874488403819918,0.9865343727852587,1.2814726840855106,13.160332541567696,0.7139448568398727,0.810046623552414,2877,0.9203761929071799,0.9503879378644042,1.053355106888361,1.5251781472684083,0.6724514611244469,0.7536988407956635,0.7782393631130875,0.838133666347472,0.8473553033453921,0.9185947301427602
test,cascade @ 97 % val retention (theta -14462),0.962113312478276,0.9338335607094134,0.9914953933380581,2.63895486935867,15.521377672209026,0.5547094188376753,0.7036989958052625,2877,0.9507101060759592,0.9718514371033968,2.1376484560570073,3.1532363420427556,0.5075373386736188,0.6043396079359572,0.6636186386182165,0.7434120325523611,0.9061692239946184,0.9550009764802292
test,cascade @ 98 % val retention (theta -17056),0.9742787625999305,0.9556616643929059,0.9936215450035436,4.045130641330166,17.546318289786225,0.4514414559510388,0.6169931763152101,2877,0.9661450420119706,0.9814643392634971,3.3039192399049884,4.833818289786223,0.4058070903678461,0.5025706766610358,0.5714869293270886,0.6638648031259394,0.9371451171736008,0.9705899209752676
