config,subset,arithmetic,ships,Pd,missed,full_delivery,events_per_img,offship_events_per_img
A_25_17_3e-2,all,float_exact,16951,0.9959294436906377,69,0.9910778015703069,181.23376159885797,166.06763026409706
A_25_17_3e-2,all,ideal_q8,16951,0.9961064243997404,66,0.9912562455389008,181.151142041399,165.95413990007137
A_25_17_3e-2,all,fixed,16951,0.9961064243997404,66,0.9912562455389008,181.151142041399,165.95413990007137
A_25_17_3e-2,test,float_exact,2877,0.9961765728189086,11,0.9881235154394299,189.55463182897861,172.8729216152019
A_25_17_3e-2,test,ideal_q8,2877,0.997219325686479,8,0.9904988123515439,189.3372921615202,172.63657957244655
A_25_17_3e-2,test,fixed,2877,0.997219325686479,8,0.9904988123515439,189.3372921615202,172.63657957244655
B_17_13_1e-2,all,float_exact,16951,0.9853695947141762,248,0.9734118486795146,90.56299072091363,77.66630977872948
B_17_13_1e-2,all,ideal_q8,16951,0.9859005368414843,239,0.9739471805852962,90.80888650963597,77.8634903640257
B_17_13_1e-2,all,fixed,16951,0.9859005368414843,239,0.9739471805852962,90.80977872947895,77.86438258386866
B_17_13_1e-2,test,float_exact,2877,0.9899200556134863,29,0.9738717339667459,96.26365795724466,82.19952494061758
B_17_13_1e-2,test,ideal_q8,2877,0.9906152241918665,27,0.9750593824228029,96.53681710213776,82.39548693586698
B_17_13_1e-2,test,fixed,2877,0.9906152241918665,27,0.9750593824228029,96.53681710213776,82.39548693586698
B_17_13_1e-3,all,float_exact,16951,0.9720960415314731,473,0.9555674518201285,82.32922912205568,70.74946466809422
B_17_13_1e-3,all,ideal_q8,16951,0.972685977228482,463,0.9559243397573162,82.57209136331193,70.94521770164168
B_17_13_1e-3,all,fixed,16951,0.972685977228482,463,0.9559243397573162,82.57512491077802,70.94807280513919
B_17_13_1e-3,test,float_exact,2877,0.9742787625999305,74,0.9524940617577197,87.02256532066508,74.53087885985748
B_17_13_1e-3,test,ideal_q8,2877,0.9739311783107404,75,0.9524940617577197,87.26009501187649,74.6959619952494
B_17_13_1e-3,test,fixed,2877,0.9739311783107404,75,0.9524940617577197,87.26128266033254,74.69714964370546
B_17_13_1e-4,all,float_exact,16951,0.9465518258509823,906,0.9232690935046396,72.36937901498929,62.02373304782299
B_17_13_1e-4,all,ideal_q8,16951,0.947259748687393,894,0.9238044254104212,72.593147751606,62.20753033547466
B_17_13_1e-4,all,fixed,16951,0.947259748687393,894,0.9238044254104212,72.60117773019272,62.215024982155605
B_17_13_1e-4,test,float_exact,2877,0.948905109489051,147,0.9168646080760094,76.49762470308788,65.40617577197149
B_17_13_1e-4,test,ideal_q8,2877,0.9499478623566214,144,0.9180522565320665,76.74940617577197,65.57838479809976
B_17_13_1e-4,test,fixed,2877,0.9499478623566214,144,0.9180522565320665,76.75653206650831,65.58551068883611
