model,run,target,n_test_images,recall,recall_inshore,FA_per_img,precision,F1,accepted_per_img,recall_lo,recall_inshore_lo,FA_per_img_lo,precision_lo,F1_lo,accepted_per_img_lo,recall_hi,recall_inshore_hi,FA_per_img_hi,precision_hi,F1_hi,accepted_per_img_hi,theta_real
context,sd1,0.9,842,0.8786930830726452,0.7871759890859482,0.5095011876484561,0.854920527561718,0.866643812135756,11.005938242280285,0.8533594523137823,0.717905543356282,0.40617577197149646,0.8282447623131586,0.8438371439731708,10.034590261282661,0.9028728569703115,0.8393248619616235,0.6116686460807601,0.8788608982237496,0.8873945580684304,12.058283847980997,-1.5991774877552538
context,sd1,0.95,842,0.9356969064998262,0.8867667121418826,1.2814726840855106,0.7138690002651816,0.809867629362214,13.160332541567696,0.9188025210084033,0.8454664213164522,1.0510688836104514,0.6733455036826743,0.778242076042906,12.02731591448931,0.9507847098127574,0.9194432327777522,1.522624703087886,0.7534475966673646,0.8394235253518852,14.354067695961994,-2.8605457821613047
context,sd1,0.97,842,0.9617657281890859,0.9331514324693042,2.63895486935867,0.5546201643615956,0.703534197813374,15.521377672209026,0.9490886844270107,0.9030701210361822,2.166270783847981,0.508131086729607,0.6618183130970308,14.197862232779098,0.9717356378099126,0.9546092381692824,3.115290973871734,0.602081334308522,0.7422174870729784,17.06184679334917,-3.8680891165607094
context,sd1,0.98,842,0.9739311783107404,0.9549795361527967,4.045130641330166,0.45135309278350516,0.6168409466153,17.546318289786225,0.9655674707172274,0.9343986143728744,3.3527019002375296,0.40454294343764885,0.5706819643720124,15.941270783847981,0.9812045404463651,0.9693746525650054,4.81603325415677,0.5028929912761791,0.6643340466289968,19.255552256532066,-4.561895171626293
single-tower,sd1,0.9,842,0.8759124087591241,0.786493860845839,0.7600950118764845,0.7974683544303798,0.8348517475567335,10.957244655581947,0.8517655490143826,0.72816727069342,0.6103919239904988,0.7600689357036924,0.8065940492609736,9.986401425178148,0.8972901465944155,0.8342609055565531,0.9157066508313539,0.8319313198111622,0.8608498732603185,12.020249406175772,-1.9872085996622229
single-tower,sd1,0.95,842,0.9339589850538755,0.8867667121418826,2.0724465558194773,0.6062725631768953,0.7352579012176766,13.84560570071259,0.915805534964171,0.8438586323791262,1.6970308788598574,0.5541992182332595,0.6931072418250597,12.638895486935867,0.9485280231978127,0.9169132254877547,2.4857779097387174,0.6611675854720652,0.777292985920505,15.074465558194772,-3.193657829823533
single-tower,sd1,0.97,842,0.954118873826903,0.9181446111869032,3.2446555819477436,0.5011867810845353,0.6571702178597079,15.744655581947743,0.9395744996414037,0.8843547922807664,2.6816805225653204,0.45380169692569056,0.6124050951317438,14.37960213776722,0.9655357000580489,0.9419108567535375,3.8088182897862235,0.5511967270499694,0.7007494400726392,17.248277909738714,-3.8167785811754236
single-tower,sd1,0.98,842,0.9676746611053181,0.9413369713506139,4.869358669833729,0.4044160371876816,0.5704333572379879,18.112826603325416,0.9558220137548151,0.9138699800252312,3.95083135391924,0.3553134548439338,0.5187288873857929,16.252761282660334,0.9779031866975175,0.9606623455348495,5.840855106888361,0.45719607599092327,0.6219460241181716,19.950296912114013,-4.40120025428546
context,sd2,0.9,842,0.8661800486618005,0.7708049113233287,0.3646080760095012,0.8903179707038228,0.8780831571529246,10.706650831353919,0.8377800288145419,0.6999826522744795,0.2861935866983373,0.867669674870267,0.8555045962471632,9.718497624703089,0.8919800225869108,0.8258005634480177,0.44302256532066503,0.9108795020942474,0.8980892234904294,11.760480997624704,-1.1286619912685698
context,sd2,0.95,842,0.9273548835592631,0.8717598908594816,1.017814726840855,0.7568794326241135,0.8334895345204624,12.697149643705464,0.9075919914091855,0.8256863036583985,0.8324821852731591,0.7184177019994918,0.8032840587705896,11.613657957244657,0.9438354272018612,0.9062967628578303,1.2149940617577197,0.7927787710855725,0.8588021188184896,13.856591448931116,-2.3167272452354855
context,sd2,0.97,842,0.9516857838025721,0.9160982264665757,1.7826603325415677,0.6459070535503657,0.7695334457560427,14.293349168646081,0.9371705527011106,0.8820305676293673,1.4596199524940618,0.6001928587666611,0.7334586733546082,13.10709619952494,0.9647151102071625,0.9429682552111521,2.1081353919239905,0.6891781044116159,0.8026853533163936,15.668171021377672,-3.117581323540248
context,sd2,0.98,842,0.9652415710809872,0.9406548431105047,2.7470308788598574,0.5455795677799608,0.697125643278524,15.844418052256533,0.9530305029524747,0.9140806570152813,2.2565320665083135,0.49864250550089534,0.6551615440629986,14.420219714964372,0.9755558220452235,0.9600477295778171,3.2709916864608073,0.5960580472791391,0.7384180088870506,17.380106888361045,-3.79281657568016
single-tower,sd2,0.9,842,0.8630517900590893,0.7612551159618008,0.6995249406175772,0.8082682291666666,0.8347621448983022,10.910926365795724,0.837881362406479,0.7110024799346474,0.56291567695962,0.7719295647293589,0.8088087366831884,9.998782660332543,0.887730782037199,0.8045828046015269,0.8444180522565321,0.8406279832862563,0.8579550485509445,11.89812945368171,-2.113750636708941
single-tower,sd2,0.95,842,0.9249217935349322,0.8703956343792633,1.9133016627078385,0.6228932584269663,0.7444397817876627,13.684085510688837,0.9063415158677478,0.8316638133039383,1.5639845605700713,0.5734318220757872,0.704345349764545,12.556532066508314,0.9408155266434609,0.8991556492009627,2.29833729216152,0.6736097098664147,0.7817988163633648,14.8791864608076,-3.2994709259507524
single-tower,sd2,0.97,842,0.9509906152241918,0.9140518417462483,2.9489311163895486,0.5242383598390497,0.6758893280632411,15.509501187648455,0.9379715517751667,0.8865860146017537,2.421585510688836,0.4726921382650416,0.6304480873999314,14.202761282660333,0.9624000832249171,0.9374188187453787,3.459857482185273,0.576133855981417,0.7191341881500912,16.930730403800474,-3.924758911467415
single-tower,sd2,0.98,842,0.9628084810566563,0.9358799454297408,4.108076009501188,0.44469417241932896,0.6083900724796837,17.243467933491686,0.9522658578409353,0.9112018997819592,3.3503562945368173,0.39579971307313166,0.5609154508707679,15.590884798099761,0.9737151482493431,0.9559156628626783,4.946615201900237,0.49768545102198747,0.657277226727298,18.981086698337293,-4.434445357302256
context,sd3,0.9,842,0.8693083072645117,0.7735334242837654,0.4358669833729216,0.8720362622036262,0.8706701479547434,10.787410926365796,0.8446677958352384,0.7057704383176784,0.34085510688836107,0.8444766403808958,0.848330683153663,9.859827790973872,0.8930224325052019,0.8233627847477556,0.5320665083135392,0.8960332942008282,0.8909237772322461,11.824406175771973,-1.4087781564115056
context,sd3,0.95,842,0.9318734793187348,0.8799454297407913,1.321852731591449,0.7066420664206642,0.8037775445960126,13.224465558194774,0.9144037733865882,0.8376086084812144,1.0961401425178148,0.6601634435034671,0.7690621117930787,12.118586698337293,0.9478673374252194,0.9121913213515934,1.5832838479809976,0.7481141212302349,0.8338463500403198,14.373426365795723,-2.7243320821336816
context,sd3,0.97,842,0.9527285366701425,0.9160982264665757,2.129453681710214,0.6045434494927217,0.7397112400485765,14.752969121140142,0.9396411378525771,0.8839354669475517,1.7232779097387174,0.5531501460777702,0.69732069521215,13.53580760095012,0.9644913546540634,0.9416892416504415,2.5310866983372917,0.6519065011665656,0.7768777033757113,16.12024940617577,-3.4096698870378
context,sd3,0.98,842,0.964893986791797,0.937244201909959,3.179334916864608,0.5090775719787273,0.6665066026410564,16.40855106888361,0.9549422569312753,0.9131582667798704,2.5841152019002376,0.4567929819638063,0.6193728703420486,14.910985748218527,0.9746938113788103,0.9568915091021201,3.815914489311164,0.5645123211989619,0.7140516054415237,17.96442992874109,-4.0269311420107465
single-tower,sd3,0.9,842,0.8581856100104275,0.7455661664392906,0.6460807600950119,0.8194490540989048,0.8383701188455008,10.779097387173397,0.8339955303831588,0.6936086307982349,0.5166270783847982,0.7874891561514196,0.8137267420709782,9.923663895486936,0.8820831271654885,0.7884790152015863,0.7791864608076009,0.8515022424535396,0.8624897959233356,11.724732779097387,-1.984849149141618
single-tower,sd3,0.95,842,0.9256169621133125,0.8676671214188267,1.7790973871733966,0.6399903869262197,0.7567490764421712,13.47268408551069,0.908980586787051,0.8305336226142866,1.4608076009501187,0.5894054132246859,0.7171260438449272,12.358610451306413,0.939939993573792,0.8943977170706683,2.1128266033254155,0.6918851433170063,0.7940978985285193,14.627226840855107,-3.1840584857257475
single-tower,sd3,0.97,842,0.9471671880431004,0.903137789904502,2.8847980997624703,0.5287155607295304,0.6786203461586352,15.321852731591449,0.9338516563762892,0.8757370180507911,2.4037410926365794,0.47942018662790564,0.6364585576787533,14.028473871733967,0.9594541544528934,0.9265490554627421,3.3800771971496437,0.5783482405893643,0.7201382788298712,16.747446555819476,-3.826466651200615
single-tower,sd3,0.98,842,0.9662843239485576,0.9399727148703957,4.891923990498812,0.40295695028264966,0.5687397708674304,18.212589073634206,0.9570929636134728,0.9192329878422916,4.016211401425178,0.3556630559950595,0.5196424034937034,16.416122327790976,0.9755486212808784,0.9565272248518856,5.849287410926366,0.45361902938694154,0.6181514533926387,20.06612232779097,-4.580567044781302
context,sp2,0.9,842,0.9015730337078651,0.7806731813246471,0.665083135391924,0.7817614964925955,0.8374034648298893,10.299287410926366,0.8810288444418066,0.7275543162826474,0.5296318289786223,0.7438414428700655,0.8094808821658266,9.668319477434679,0.9207735869552789,0.8236031176722226,0.8266033254156769,0.8157364163614164,0.8629223726340753,10.99771377672209,-2.2475451112134994
context,sp2,0.95,842,0.9541573033707865,0.8990228013029316,1.9192399049881235,0.5677988767050013,0.7119382964453387,12.890736342042755,0.9421899906946636,0.8700100675569253,1.5391330166270785,0.5195538797026169,0.6734136614323674,11.989251781472683,0.9657587083501447,0.9256951434042933,2.336193586698337,0.6196826482993625,0.752123122680235,13.892013064133016,-3.7410668197864694
context,sp2,0.97,842,0.9671910112359551,0.9294245385450597,3.2220902612826605,0.4423432682425488,0.6070521861777151,14.795724465558195,0.9571734416853143,0.9065600667408231,2.6091745843230405,0.4000313386698993,0.5655375549952268,13.613568883610451,0.9771153581271887,0.9506925129962773,3.9098277909738717,0.49140845920586773,0.6528866361874505,16.07606888361045,-4.6241072578929705
context,sp2,0.98,842,0.9775280898876404,0.9511400651465798,4.604513064133017,0.3593853271645737,0.5255527364987315,16.653206650831354,0.9697763805274577,0.9311085601315443,3.7168646080760097,0.3212264203632743,0.4833299810986225,15.159649643705464,0.9845136346602865,0.9665622595642893,5.504661520190023,0.40345055847090777,0.571187755306811,18.193675771971495,-5.3076412206265955
single-tower,sp2,0.9,842,0.8984269662921348,0.7785016286644951,0.8574821852731591,0.7346563763322308,0.8083299636069551,10.228028503562946,0.8777386208828452,0.7268050591753457,0.6947149643705463,0.6957353212767401,0.7781282073903243,9.600861045130642,0.916669605077574,0.822438613284955,1.0524346793349166,0.773466722714195,0.8366839055307641,10.932571258907362,-2.31716053886204
single-tower,sp2,0.95,842,0.9496629213483146,0.8914223669923995,2.3004750593824226,0.5217283950617284,0.6734661354581674,12.939429928741093,0.9363716360354447,0.8602000271455368,1.8717042755344417,0.4767245224688445,0.6335202190356312,11.977137767220901,0.9609677432028232,0.9171976963597768,2.7756235154394298,0.5703066277469991,0.7138668774054131,13.937173396674584,-3.5952500105664216
single-tower,sp2,0.97,842,0.969438202247191,0.9315960912052117,3.6152019002375297,0.41472793693520477,0.5809318610288177,14.8729216152019,0.9600649919508952,0.9088762305989001,2.9523456057007125,0.37347500257511945,0.5379132333111328,13.58188836104513,0.9780694552842893,0.9516139292456702,4.405106888361045,0.4624357848908617,0.626565693630299,16.181086698337293,-4.23999414205609
single-tower,sp2,0.98,842,0.9806741573033708,0.9576547231270358,5.96437054631829,0.3028872848417546,0.4628274472372468,17.81353919239905,0.9737969284671214,0.9423288402279262,4.8004453681710215,0.2662932936524968,0.41882800024348205,16.150504750593825,0.9871505206577671,0.9714320728291317,7.157096199524941,0.34506944358857433,0.5107195270080978,19.693675771971495,-4.965242236925131
context,sp3,0.9,842,0.8938906752411575,0.8040201005025126,0.6104513064133017,0.8122717311906501,0.8511289705319556,10.48812351543943,0.8702739076268959,0.7540654781766539,0.48450118764845607,0.7750233823401677,0.8228098244969951,9.742191211401426,0.9135571742073139,0.844128130754124,0.7577197149643705,0.8457920727215008,0.8741815199649011,11.255463182897863,-1.8819703858693355
context,sp3,0.95,842,0.9469453376205788,0.9028475711892797,1.8182897862232779,0.6061229740159506,0.7391372549019608,12.997624703087887,0.9331422313760522,0.8716347144042159,1.4535629453681709,0.560797871488374,0.7039023575015526,12.05564133016627,0.9602685778172525,0.9304484606635175,2.172209026128266,0.6592803601625161,0.7790659826977825,13.976781472684085,-3.2223147547919946
context,sp3,0.97,842,0.967443729903537,0.940536013400335,2.9109263657957243,0.49547138740222313,0.6553226245575824,14.799287410926366,0.9587251870646557,0.9219572519526906,2.3764251781472683,0.44740788761529265,0.6117673288132768,13.719655581947743,0.9753198086139613,0.9554304931929218,3.5107185273159147,0.5487697944794934,0.7017820791869905,16.080047505938243,-3.9669288909177522
context,sp3,0.98,842,0.9823151125401929,0.9681742043551089,4.576009501187649,0.38812132761632523,0.5564029595902106,17.09619952494062,0.9770958769150279,0.9573718669214342,3.7586995249406177,0.3462913308580519,0.5119860908714713,15.647179334916865,0.9873955514155259,0.9779414659564613,5.546407363420427,0.4394929738355784,0.6077211910164597,18.7875296912114,-4.726139488154183
single-tower,sp3,0.9,842,0.8954983922829582,0.8015075376884422,0.9798099762470309,0.7297739927939731,0.8041869698610359,11.104513064133016,0.874385055680383,0.750724430048586,0.7802256532066508,0.6855794017684842,0.7727800225490756,10.308699524940618,0.9152558320522062,0.8400886300816958,1.2019002375296912,0.7751575144460551,0.834284444393182,11.901900237529691,-2.7025146421562907
single-tower,sp3,0.95,842,0.952572347266881,0.9137353433835846,2.619952494061758,0.5179195804195804,0.6710079275198187,14.091448931116389,0.9404384514700631,0.886259562404202,2.10083135391924,0.47095513263871847,0.6289623217520702,12.98916270783848,0.9629546767387452,0.9347856196555462,3.1389845605700715,0.571919079804494,0.7158736194054968,15.170397862232777,-3.8790746406268797
single-tower,sp3,0.97,842,0.9706591639871383,0.9438860971524288,4.323040380047506,0.3988439306358382,0.5653751609504858,16.536817102137768,0.9614452041233591,0.9220995580912084,3.540380047505938,0.35845304857107735,0.5228722299632829,15.178147268408551,0.9789797358535055,0.9611564974873049,5.125979809976247,0.44894269766421363,0.6149733425698138,17.99337885985748,-4.556357631872463
single-tower,sp3,0.98,842,0.9807073954983923,0.964824120603015,6.081947743467934,0.32270863642375347,0.48562045974723855,18.74940617577197,0.9740711817541619,0.9507026170718782,5.055671021377671,0.2868423290447417,0.44343634576568375,17.11484560570071,0.9867738869097697,0.9770340417356619,7.259263657957245,0.36802834739352147,0.5355650717410444,20.632155581947742,-5.069200150890858
