factor,bin,n,pd,lo,hi
areaMask,<25,64,0.9375,0.8500230335750312,0.9754291963252071
areaMask,25-50,431,0.9930394431554525,0.9797373317107767,0.9976300590816407
areaMask,50-100,2381,0.9903401931961361,0.9855460881775214,0.9935545782986085
areaMask,100-250,3413,0.9947260474655728,0.9916782967321904,0.996661344180634
areaMask,250-500,3886,1.0,0.9990124019445932,0.9999999999999998
areaMask,>=500,6776,0.9973435655253837,0.9958045382950726,0.9983189822308345
dxMax,-9-0.8,101,0.7821782178217822,0.6921530633345884,0.8515242555922499
dxMax,0.8-1,476,0.9810924369747899,0.9644601220920147,0.9900215235177031
dxMax,1-1.2,1766,0.9949037372593431,0.9903424571567414,0.9973165514234614
dxMax,1.2-1.5,9439,0.9975633011971607,0.996346052453901,0.9983757058778284
dxMax,1.5-1.8,4599,0.9993476842791911,0.9980837090004143,0.9997781335622321
dxMax,1.8-9,570,1.0,0.9933054696627083,0.9999999999999999
nbrDist,-1-0.5,2208,0.9741847826086957,0.9667010569635837,0.9800213484744913
nbrDist,0.5-5,843,0.99644128113879,0.9895894500431189,0.998789014123025
nbrDist,5-20,1892,0.9989429175475687,0.9961537214122073,0.9997100680520602
nbrDist,20-60,1657,1.0,0.9976869558180623,1.0
nbrDist,>=60,7631,0.999475822303761,0.9986528626097655,0.9997961425405182
distBorder,<8,2491,0.9939783219590526,0.9900879865685124,0.9963473847191877
distBorder,8-16,532,0.9962406015037594,0.9863973717208067,0.9989684528064416
distBorder,16-32,1119,0.9955317247542449,0.9895827212912814,0.9980899833894145
distBorder,32-64,2120,0.9962264150943396,0.9925710288386469,0.9980866548605518
distBorder,>=64,10689,0.9966320516418748,0.9953410819953791,0.9975661728918531
sdBg,<0.3,830,0.9927710843373494,0.9843187877183013,0.9966828797446796
sdBg,0.3-0.35,6356,0.9968533668974198,0.9951444239491826,0.9979620710301892
sdBg,0.35-0.4,5009,0.9960071870632861,0.993840406649516,0.9974137355120875
sdBg,0.4-0.5,3935,0.9964421855146125,0.9940365233665419,0.9978794754895685
sdBg,0.5-9,821,0.9926918392204629,0.9841479018930489,0.996646471232652
